author_viaf;title;id;file_name;pub_year
46894596;Rookwood: a romance;10000;Ainsworth_William-Harrison_Rookwood_1834;1834
57465184;"The Life of John Buncle, Esq; Containing Various Observations and Reflections, Made In Several Parts Of the World; and Many Extraordinary Relations.";10001;Amory_Thomas_The-Life-of-John-Buncle_1756;1756
1000003;The History of Little Goody Two-Shoes;10002;Anonymous_Anonymous_Little-Goody-Two-Shoes_1765;1765
1000004;The Adventures of Anthony Varnish;10003;Anonymous_Anonymous_The-Adventures-of-Anthony-Varnish_1786;1786
1000002;The Triumph of Prudence Over Passion;10004;Anonymous_Anonymous_The-Triumph-Prudence-Over-Passion_1781;1781
1000001;"Vertue rewarded; or The Irish Princess";10005;Anonymous_Anonymous_Vertue-Rewarded_1693;1693
69152778;The Life of Charlotta Du Pont, an English Lady;10006;Aubin_Penelope_The-Life-of-Charlotte-Du-Pont_1723;1723
102333412;Emma;10007;Austen_Jane_Emma_1815;1815
102333412;Love and Freindship;10008;Austen_Jane_Love-and-Freindship_1790;1790
102333412;Mansfield Park;10009;Austen_Jane_Mansfield-Park_1814;1814
102333412;Northanger Abbey;10010;Austen_Jane_Northanger-Abbey_1818;1818
102333412;Persuasion;10011;Austen_Jane_Persuasion_1817;1817
102333412;Pride and Prejudice;10012;Austen_Jane_Pride-and-Prejudice_1813;1813
102333412;Sense and Sensibility;10013;Austen_Jane_Sense-and-Sensibility_1811;1811
33194966;How he left the Hotel;10014;Baldwin_Louisa_How-he-left-the-Hotel_1894;1894
33194966;Many Waters Cannot Quench Love;10015;Baldwin_Louisa_Many-Waters-Cannot-Quench-Love_1894;1895
33194966;My Next Door Neighbour;10016;Baldwin_Louisa_My-Next-Door-Neighour_1894;1896
33194966;Sir Nigel Otterburnes Case;10017;Baldwin_Louisa_Sir-Nigel-Otterburnes-Case_1894;1897
33194966;The Empty Picture Frame;10018;Baldwin_Louisa_The-Empty-Picture-Frame_1894;1898
33194966;The Real and the Counterfeit;10019;Baldwin_Louisa_The-Real-and-the-Counterfeit_1894;1899
33194966;The Shadow on the Blind;10020;Baldwin_Louisa_The-Shadow-on-the-Blind_1894;1900
33194966;The Ticking of the Clock;10021;Baldwin_Louisa_The-Ticking-of-the-Clock_1894;1901
33194966;The Uncanny Bairn;10022;Baldwin_Louisa_The-Uncanny-Bairn_1894;1902
33194966;The Weird of the Walfords;10023;Baldwin_Louisa_The-Weird-of-the-Walfords_1894;1903
64050447;The Coral Island: A Tale of the Pacific Ocean;10024;Ballantyne_Robert_The-Coral-Island_1858;1858
51915688;A Patchwork Screen for the Ladies;10025;Barker_Jane_A-Patch-Work-Screen-for-the-Ladies_1723;1723
51915688;"Exilus; or, The Banish'd Roman";10026;Barker_Jane_Exilus_1715;1715
51915688;Love Intrigues: Or, the History of the Amours of Bosvil and Galesia;10027;Barker_Jane_Love-Intrigues_1712;1712
51915688;The Lining of the Patchwork Screen;10028;Barker_Jane_The-Lining-of-the-Patch-Work-Screen_1726;1726
64001320;Auld Licht Idylls;10029;Barrie_J-M_Auld-Licht-Idylls_1888;1888
64001320;A Window in Thrums;10030;Barrie_J-M_A-Window-in-the-Thrums_1889;1889
64001320;"Peter Pan; or, the Boy Who Wouldn't Grow Up";10031;Barrie_J-M_Peter-and-Wendy_1911;1911
64001320;Sentimental Tommy: The Story of his Boyhood;10032;Barrie_J-M_Sentimental-Tommy_1896;1896
64001320;Tommy and Grizel;10033;Barrie_J-M_Tommy-and-Grizel_1900;1900
4926466;Vathek;10034;Beckford_William_Vathek_1786;1786
41851464;Zuleika Dobson, an Oxford love story;10035;Beerbohm_Max_Zuleika-Dobson_1911;1911
19715508;Oroonoko, or The Royal Slave;10036;Behn_Aphra_Oroonoko_1688;1688
47650412;Agnes De-Courci: A Domestic Tale;10037;Bennett_Anna-Maria_Agnes-De-Courci_1789;1789
49240682;Anna and the Five Towns;10038;Bennett_Arnold_Anna-and-the-Five-Towns_1902;1902
49240682;Clayhanger;10039;Bennett_Arnold_Clayhanger_1910;1910
49240682;Hilda Lessways;10040;Bennett_Arnold_Hilda-Lessways_1911;1911
49240682;The Old Wives' Tale;10041;Bennett_Arnold_The-Old-Wives-Tale_1908;1908
66756120;The Red Hand of Ulster;10042;Birmingham_George_The-Red-Hand-of-Ulster_1912;1912
59105182;Clara Vaughan;10043;Blackmore_R-D_Clara-Vaughan_1864;1864
59105182;Lorna Doone, A Romance of Exmoor;10044;Blackmore_R-D_Lorna-Doone_1869;1869
66826682;Aurora Floyd;10045;Braddon_Mary_Aurora-Floyd_1863;1863
66826682;Lady Audley's Secret;10046;Braddon_Mary_Lady-Audleys-Secret_1862;1862
66826682;The Doctor's Wife;10047;Braddon_Mary_The-Doctors-Wife_1863;1863
14766877;Agnes Grey, A Novel;10048;Bronte_Anne_Agnes-Grey_1847;1847
14766877;The Tenant of Wildfell Hall;10049;Bronte_Anne_The-Tenant-of-Wildfell-Hall_1848;1848
71388025;Jane Eyre: An Autobiography;10050;Bronte_Charlotte_Jane-Eyre_1847;1847
71388025;Shirley, A Tale;10051;Bronte_Charlotte_Shirley_1849;1849
71388025;Villette;10052;Bronte_Charlotte_Vilette_1853;1853
97097302;Wuthering Heights;10053;Bronte_Emily_Wuthering-Heights_1847;1847
5193747;The History of Emily Montague;10054;Brooke_Frances_Emily_Montague_1769;1769
5193747;The History of Lady Julia Mandeville;10055;Brooke_Frances_Lady-Julia-Mandeville_1763;1763
45106836;Cometh Up as a Flower;10056;Broughton_Rhoda_Cometh-Up-as-a-Flower_1867;1867
7534248;The House with the Green Shutters;10057;Brown_George-Douglas_The-House-with-the-Green-Shutters_1901;1901
34532515;Discipline;10058;Brunton_Mary_Discipline_1814;1814
34532515;Self-Control;10059;Brunton_Mary_Self-Control_1811;1811
66464527;John Burnet of Barns: A Romance;10060;Buchan_John_John-Burnet-of-Barns_1897;1897
99871326;Eugene Aram;10061;Bulwer-Lytton_Edward_Eugene-Aram_1832;1832
99871326;Paul Clifford;10062;Bulwer-Lytton_Edward_Paul-Clifford_1830;1830
99871326;The Last Days of Pompeii;10063;Bulwer-Lytton_Edward_The-Last-Days-of-Pompeii_1834;1834
27061925;The Secret Garden;10064;Burnett_Frances-Hodgson_The-Secret-Garden_1911;1911
95297439;Camilla, A Picture of Youth;10065;Burney_Frances_Camilla_1796;1796
95297439;Cecilia, Memoirs of an Heiress;10066;Burney_Frances_Cecilia_1782;1782
95297439;Evelina, or the History of a Young Lady's Entrance into the World;10067;Burney_Frances_Evelina_1778;1778
95297439;"The Wanderer; or, Female Difficulties";10068;Burney_Frances_The-Wanderer_1814;1814
49578292;Erewhon: or, Over the Range;10069;Butler_Samuel_Erewhon_1872;1872
49578292;The Way of All Flesh;10070;Butler_Samuel_The-Way-of-all-Flesh_1903;1903
24650758;The Daughters of Danaus;10071;Caird_Mona_The-Daughters-of-Danaus_1894;1894
44383913;Fardorougha the Miser;10072;Carleton_William_Fardorougha-the-Miser_1839;1839
44383913;Going to Maynooth;10073;Carleton_William_Going-to-Maynooth_1830;1830
44383913;LARRY M'FARLAND'S WAKE.;10074;Carleton_William_Larry-M-Farlands-Wake_1830;1830
44383913;NED M'KEOWN.;10075;Carleton_William_Ned-M-Keown_1830;1830
44383913;Phil Purcel, The Pig-Driver;10076;Carleton_William_Phil-Purcel_1830;1830
44383913;SHANE FADH'S WEDDING.;10077;Carleton_William_Shane-Fadhs-Wedding_1830;1830
44383913;THE BATTLE OF THE FACTIONS.;10078;Carleton_William_The-Battle-of-the-Factions_1830;1830
44383913;The Black Prophet: A Tale of Irish Famine;10079;Carleton_William_The-Black-Prophet_1847;1847
44383913;"The Donagh; or, The Horse Stealers";10080;Carleton_William_The-Donagh_1830;1830
44383913;The Emigrants of Ahadarra;10081;Carleton_William_The-Emigrants-of-Ahadarra_1847;1847
44383913;The Geography of an Irish Oath;10082;Carleton_William_The-Geography-of-an-Irish-Oath_1830;1830
44383913;The Hedge School;10083;Carleton_William_The-Hedge-School_1830;1830
44383913;The Lianhan Shee;10084;Carleton_William_The-Lianhan-Shee_1830;1830
44383913;The Lough Derg Pilgrim;10085;Carleton_William_The-Lough-Derg-Pilgrim_1830;1830
44383913;The Midnight Mass;10086;Carleton_William_The-Midnight-Mass_1830;1830
44383913;The Party Fight and Funeral;10087;Carleton_William_The-Party-Fight-and-Funeral_1830;1830
44383913;The Poor Scholar;10088;Carleton_William_The-Poor-Scholar_1830;1830
44383913;The Station;10089;Carleton_William_The-Station_1830;1830
44383913;THE THREE TASKS.;10090;Carleton_William_The-Three-Tasks_1830;1830
44383913;Valentine M'Clutchy, The Irish Agent;10091;Carleton_William_Valentine-M-Clutchy_1845;1845
39390702;Sartor Resartus;10092;Carlyle_Thomas_Sartor-Resartus_1834;1834
180646266;Alice's Adventures in Wonderland;10093;Carroll_Lewis_Alice-in-Wonderland_1865;1865
180646266;Through the Looking-Glass, and What Alice Found There;10094;Carroll_Lewis_Through-the-Looking-Glass_1871;1871
1000005;The History of Jack Connor;10095;Chaigneau_William_The-History-of-Jack-Connor_1752;1752
14767719;The Man Who Was Thursday: A Nightmare;10096;Chesterton_G-K_The-Man-Who-Was-Thursday_1908;1908
69059575;The Riddle of the Sands;10097;Childers_Erskine_The-Riddle-of-the-Sand_1903;1903
40510526;Red Pottage;10098;Cholmondeley_Mary_Red-Pottage_1899;1899
51687489;Fanny Hill;10099;Cleland_John_Fanny-Hill_1748;1748
95173526;Armadale;10100;Collins_Wilkie_Armadale_1864;1864
95173526;Man and Wife;10101;Collins_Wilkie_Man-and-Wife_1870;1870
95173526;No Name;10102;Collins_Wilkie_No-Name_1862;1862
95173526;The Law and the Lady;10103;Collins_Wilkie_The-Law-and-the-Lady_1875;1875
95173526;The Moonstone;10104;Collins_Wilkie_The-Moonstone_1868;1868
95173526;The Woman in White;10105;Collins_Wilkie_The-Woman-in-White_1859;1859
73862853;Almayer's Folly;10106;Conrad_Joseph_Almayers-Folly_1895;1895
73862853;Chance;10107;Conrad_Joseph_Chance_1912;1912
73862853;Heart of Darkness;10108;Conrad_Joseph_Heart-of-Darkness_1899;1899
73862853;Lord Jim;10109;Conrad_Joseph_Lord-Jim_1899;1899
73862853;Nostromo: A Tale of the Seaboard;10110;Conrad_Joseph_Nostromo_1904;1904
73862853;The Nigger of the Narcissus: A Tale of the Forecastle;10111;Conrad_Joseph_The-Nigger-of-the-Narcissus_1897;1897
73862853;The Secret Agent: A Simple Tale;10112;Conrad_Joseph_The-Secret-Agent_1907;1907
73862853;The Secret Sharer;10113;Conrad_Joseph_The-Secret-Sharer_1910;1912
73862853;Typhoon;10114;Conrad_Joseph_Typhoon_1903;1903
73862853;Under Western Eyes;10115;Conrad_Joseph_Under-Western-Eyes_1911;1911
44338017;The Sorrows of Satan or The Strange Experience of one Geoffrey Tempest, Millionaire;10116;Corelli_Marie_The-Sorrows-of-Satan_1895;1895
46793285;John Halifax, Gentleman;10117;Craik_S-R_John-Halifax_1856;1856
50025249;Cleg Kelly, Arab of the City: His Progress and Adventures;10118;Crockett_S-R_Cleg-Kelly_1896;1896
39375774;Journal of the Plague Year;10119;Defoe_Daniel_Journal-of-the-Plague-Year_1722;1722
39375774;Moll Flanders;10120;Defoe_Daniel_Moll-Flanders_1722;1722
39375774;Robinson Crusoe;10121;Defoe_Daniel_Robinson-Crusoe_1719;1719
39375774;The Fortunate Mistress or A History of the Life of Mademoiselle de Beleau Known by the Name of the Lady Roxana;10123;Defoe_Daniel_The-Fortunate-Mistress_1724;1724
88666393;A Christmas Carol. In Prose. Being a Ghost Story of Christmas;10124;Dickens_Charles_A-Christmas-Carol_1843;1843
88666393;A Tale of Two Cities;10125;Dickens_Charles_A-Tale-of-Two-Cities_1859;1859
88666393;Barnaby Rudge: A Tale of the Riots of Eighty;10126;Dickens_Charles_Barnaby-Rudge_1841;1841
88666393;Bleack House;10127;Dickens_Charles_Bleak-House_1852;1852
88666393;The Personal History, Adventures, Experience and Observation of David Coperfield the Younger of Blunderstone Rookery;10128;Dickens_Charles_David-Copperfield_1849;1849
88666393;Dombey and Son;10129;Dickens_Charles_Dombey-and-Son_1846;1846
88666393;The Mystery of Edwin Drood;10130;Dickens_Charles_Edwin-Drood_1870;1870
88666393;Great Expectations;10131;Dickens_Charles_Great-Expectations_1860;1860
88666393;Hard Times - for These Times;10132;Dickens_Charles_Hard-Times_1854;1854
88666393;Little Dorrit;10133;Dickens_Charles_Little-Dorrit_1855;1855
88666393;The Life and Adventures of Martin Chuzzlewit;10134;Dickens_Charles_Martin-Chuzzlewit_1843;1843
88666393;The Life and Adventures of Nicholas Nickleby;10135;Dickens_Charles_Nicholas-Nickleby_1838;1838
88666393;"Oliver Twist; or, the Parish Boy's Progress";10136;Dickens_Charles_Oliver-Twist_1837;1837
88666393;Our Mutual Friend;10137;Dickens_Charles_Our-Mutual-Friend_1864;1864
88666393;Sketches by Boz, Illustrative of Everyday Life and Everyday People;10138;Dickens_Charles_Sketches-by-Boz_1833;1833
88666393;The Old Curiosity Shop;10139;Dickens_Charles_The-Old-Curiosity-Shop_1840;1840
88666393;The Posthumous Papers of the Pickwick Club;10140;Dickens_Charles_The-Pickwick-Papers_1836;1836
49233448;Coningsby, or The New Generation;10141;Disraeli_Benjamin_Coningsby_1843;1843
49233448;Sybil, or The Two Nations;10142;Disraeli_Benjamin_Sybil_1845;1845
49233448;Tancred or The New Crusade;10143;Disraeli_Benjamin_Tancred_1847;1847
49233448;Vivian Grey;10144;Disraeli_Benjamin_Vivian-Grey_1826;1826
65283845;A Case of Identity;10145;Doyle_Arthur-Conan_A-Case-of-Identity_1891;1891
65283845;A Scandal in Bohemia;10146;Doyle_Arthur-Conan_A-Scandal-in-Bohemia_1891;1891
65283845;A Study in Scarlet;10147;Doyle_Arthur-Conan_A-Study-in-Scarlet_1887;1887
65283845;Micah Clarke;10148;Doyle_Arthur-Conan_Micah-Clarke_1889;1889
65283845;Sir Nigel;10149;Doyle_Arthur-Conan_Sir-Nigel_1906;1906
65283845;The Adventure of the Black Peter;10150;Doyle_Arthur-Conan_The-Adventure-of-Black-Peter_1905;1905
65283845;The Adventure of the Charles Augustus Milverton;10151;Doyle_Arthur-Conan_The-Adventure-of-Charles-Augustus-Milverton_1905;1905
65283845;The Adventure of the Solitary Cyclists;10152;Doyle_Arthur-Conan_The-Adventure-of-Solitary-Cyclist_1905;1905
65283845;The Adventure of the Abbey Grange;10153;Doyle_Arthur-Conan_The-Adventure-of-the-Abbey-Grange_1905;1905
65283845;The Adventure of the Beryl Coronet;10154;Doyle_Arthur-Conan_The-Adventure-of-the-Beryl-Coronet_1891;1891
65283845;The Adventure of the Blue Carbuncle;10155;Doyle_Arthur-Conan_The-Adventure-of-the-Blue-Carbuncle_1891;1891
65283845;The Adventure of the Copper Beeches;10156;Doyle_Arthur-Conan_The-Adventure-of-the-Copper-Beeches_1891;1891
65283845;The Adventure of the Dancing Men;10157;Doyle_Arthur-Conan_The-Adventure-of-the-Dancing-Men_1905;1905
65283845;The Adventure of the Empty House;10158;Doyle_Arthur-Conan_The-Adventure-of-the-Empty-House_1905;1905
65283845;The Adventure of the Engineer's Thumb;10159;Doyle_Arthur-Conan_The-Adventure-of-the-Engineers-Thumb_1891;1891
65283845;The Adventure of the Golden Prince-Nez;10160;Doyle_Arthur-Conan_The-Adventure-of-the-Golden-Prince-Nez_1905;1905
65283845;The Adventure of the Missing Three-Quarter;10161;Doyle_Arthur-Conan_The-Adventure-of-the-Missing-Three-Quarter_1905;1905
65283845;The Adventure of the Noble Bachelor;10162;Doyle_Arthur-Conan_The-Adventure-of-the-Noble-Bachelor_1891;1891
65283845;The Adventure of the Norwood Builder;10163;Doyle_Arthur-Conan_The-Adventure-of-the-Norwood-Builder_1905;1905
65283845;The Adventure of the Priory School;10164;Doyle_Arthur-Conan_The-Adventure-of-the-Priory-School_1905;1905
65283845;The Adventure of the Second Stain;10165;Doyle_Arthur-Conan_The-Adventure-of-the-Second-Stain_1905;1905
65283845;The Adventure of the Six Napoleons;10166;Doyle_Arthur-Conan_The-Adventure-of-the-Six-Napoleons_1905;1905
65283845;The Adventure of the Speckled Band;10167;Doyle_Arthur-Conan_The-Adventure-of-the-Speckled-Band_1891;1891
65283845;The Adventure of the Three Students;10168;Doyle_Arthur-Conan_The-Adventure-of-the-Three-Students_1905;1905
65283845;The Boscombe Valley Mystery;10169;Doyle_Arthur-Conan_The-Boscombe-Valley-Mystery_1891;1891
65283845;The Five Orange Pips;10170;Doyle_Arthur-Conan_The-Five-Orange-Pips_1891;1891
65283845;The Hound of the Baskervilles;10171;Doyle_Arthur-Conan_The-Hound-of-the-Baskervilles_1901;1901
65283845;The Lost World;10172;Doyle_Arthur-Conan_The-Lost-World_1912;1912
65283845;The Man with the Twisted Lip;10173;Doyle_Arthur-Conan_The-Man-with-the-Twisted-Lip_1891;1891
65283845;The Red-Headed League;10174;Doyle_Arthur-Conan_The-Red-Headed-League_1891;1891
65283845;The Sign of Four;10175;Doyle_Arthur-Conan_The-Sign-of-the-Four_1890;1890
65283845;The White Company;10176;Doyle_Arthur-Conan_The-White-Company_1891;1891
71477273;Belinda;10177;Edgeworth_Maria_Belinda_1801;1801
71477273;Castle Rackrent;10178;Edgeworth_Maria_Castle-Rackrent_1800;1800
71477273;Harrington;10179;Edgeworth_Maria_Harrington_1817;1817
71477273;Helen;10180;Edgeworth_Maria_Helen_1834;1834
71477273;Lame Jervas;10181;Edgeworth_Maria_Lame-Jervas_1804;1804
71477273;Murad the Unlucky;10182;Edgeworth_Maria_Murad-the-Unlucky_1804;1804
71477273;Orlandino;10183;Edgeworth_Maria_Orlandino_1848;1848
71477273;Ormond, A Tale;10184;Edgeworth_Maria_Ormond_1817;1817
71477273;Out of the Debt Out of the Danger;10185;Edgeworth_Maria_Out-of-the-Debt-Out-of-the-Danger_1804;1804
71477273;Patronage;10186;Edgeworth_Maria_Patronage_1814;1814
71477273;Rosanna;10187;Edgeworth_Maria_Rosanna_1804;1804
71477273;Tales of a Fashionable Life;10188;Edgeworth_Maria_Tales-of-a-Fashionable-Life_1809;1809
71477273;The Absentee;10189;Edgeworth_Maria_The-Absentee_1812;1812
71477273;The Contrast;10190;Edgeworth_Maria_The-Contrast_1804;1804
71477273;The Grateful Negro;10191;Edgeworth_Maria_The-Grateful-Negro_1804;1804
71477273;The Irish Incognito;10192;Edgeworth_Maria_The-Irish-Incognito_1802;1802
71477273;The Limerick Gloves;10193;Edgeworth_Maria_The-Limerick-Gloves_1804;1804
71477273;The Lottery;10194;Edgeworth_Maria_The-Lottery_1804;1804
71477273;The Manufacturers;10195;Edgeworth_Maria_The-Manufacturers_1804;1804
71477273;The Modern Griselda;10196;Edgeworth_Maria_The-Modern-Griselda_1804;1804
71477273;The Will;10197;Edgeworth_Maria_The-Will_1804;1804
71477273;To-Morrow;10198;Edgeworth_Maria_To-Morrow_1804;1804
66510711;The Phantom Coach;10199;Edwards_Amelia_The-Phantom-Coach_1864;1864
89000553;Adam Bede;10200;Eliot_George_Adam-Bede_1859;1859
89000553;Daniel Deronda;10201;Eliot_George_Daniel-Deronda_1876;1876
89000553;Felix Holt, the Radical;10202;Eliot_George_Felix-Holt_1866;1866
89000553;Janets Repentance;10203;Eliot_George_Janets-Repentance_1857;1857
89000553;Middlemarch, A Study of Provincial Life;10204;Eliot_George_Middlemarch_1871;1871
89000553;Mr Gilfil's Love Story;10205;Eliot_George_Mr-Gilfils-Love-Story_1857;1857
89000553;Romola;10206;Eliot_George_Romola_1862;1862
89000553;Sad Fortunes of Rev Amos Barton;10207;Eliot_George_Sad-Fortunes-of-Rev-Amos-Barton_1857;1857
89000553;Silas Marner: The Weaver of Raveloe;10208;Eliot_George_Silas-Marner_1861;1861
89000553;The Lifted Veil;10209;Eliot_George_The-Lifted-Veil_1859;1859
89000553;The Mill on the Floss;10210;Eliot_George_The-Mill-on-the-Floss_1860;1860
22258358;The Interesting Narrative of the Life of Olaudah Equiano, or Gustavus Vassa, the African, Written by Himself;10211;Equiano_Olaudah_Life-of-Equiano_1789;1789
3197931;Secresy, or The Ruin of the Rock;10212;Fenwick_Eliza_Secresy_1795;1795
64052998;Marriage;10213;Ferrier_Susan_Marriage_1818;1818
61545697;Amelia;10214;Fielding_Henry_Amelia_1752;1752
61545697;The History of the Life of the Late Mr. Jonathan Wild the Great;10215;Fielding_Henry_Jonathan-Wilde_1742;1742
61545697;Joseph Andrews;10216;Fielding_Henry_Joseph-Andrews_1742;1742
61545697;Shamela;10217;Fielding_Henry_Shamela_1741;1741
61545697;The History of Tom Jones, a Foundling;10218;Fielding_Henry_Tom-Jones_1749;1749
12317897;The Adventures of David Simple;10219;Fielding_Sarah_David-Simple_1744;1744
12317897;The History of the Countess of Dellwyn;10220;Fielding_Sarah_The-Countess-of-Dellwyn_1759;1759
274297346;The Female Detective;10221;Forrester_Andrew_The-Female-Detective_1864;1864
31996364;A Room with a View;10222;Forster_E-M_A-Room-with-a-View_1908;1908
31996364;Howards End;10223;Forster_E-M_Howards-End_1910;1910
31996364;The Longest Journey;10224;Forster_E-M_The-Longest-Journey_1907;1907
31996364;Where Angels Fear to Tread;10225;Forster_E-M_Where-Angels-Fear-to-Tread_1905;1905
1000006;A Ghost's Revenge;10226;Galbraith_Lettice_A-Ghosts-Revenge_1893;1893
1000006;In the Seance Room;10227;Galbraith_Lettice_In-the-Seance-Room_1893;1893
1000006;The Blue Room;10228;Galbraith_Lettice_The-Blue-Room_1893;1893
1000006;The Case of Lady Lukestan;10229;Galbraith_Lettice_The-Case-of-Lady-Lukestan_1893;1893
1000006;The Chost in the Chair;10230;Galbraith_Lettice_The-Ghost-in-the-Chair_1893;1893
1000006;The Missing Model;10231;Galbraith_Lettice_The-Missing-Model_1893;1893
1000006;The Trainer's Ghost;10232;Galbraith_Lettice_The-Trainers-Ghost_1893;1893
61561917;The Man of Property;10233;Galsworthy_John_The-Man-of-Property_1906;1906
61562976;"Annals of the parish: or, The chronicle of Dalmailing; during the ministry of the Rev. Micah Balwhidder, written by himself";10234;Galt_John_Annals-of-the-Parish_1821;1821
61562976;Ringan Gilhaize or The Covenanters;10235;Galt_John_Ringan-Gillhaize_1822;1822
61562976;The Entail Or The Lairds of Grippy;10236;Galt_John_The-Entail_1822;1822
61562976;The Provost;10237;Galt_John_The-Provost_1822;1822
39377536;Cousin Phillis;10238;Gaskell_Elizabeth_Cousin-Phillis_1864;1864
39377536;Cranford;10239;Gaskell_Elizabeth_Cranford_1851;1851
39377536;Mary Barton: A Tale of Manchester Life;10240;Gaskell_Elizabeth_Mary-Barton_1848;1848
39377536;North and South;10241;Gaskell_Elizabeth_North-and-South_1854;1854
39377536;Ruth;10242;Gaskell_Elizabeth_Ruth_1853;1853
39377536;The Old Nurse's Story;10243;Gaskell_Elizabeth_The-Old-Nurses-Story_1852;1852
39377536;Wives and Daughters, An Every-Day Story;10244;Gaskell_Elizabeth_Wives-and-Daughters_1865;1865
66613606;"Emma; or, the Unforunate Attachment";10245;Georgiana_Duchess-of-Devonshire_Emma_1773;1773
59083174;Born in Exile;10246;Gissing_George_Born-in-Exile_1890;1890
59083174;Demos: A Story of English Socialism;10247;Gissing_George_Demos_1886;1886
59083174;In the Year of Jubilee;10248;Gissing_George_In-the-Year-of-Jubilee_1894;1894
59083174;New Grub Street;10249;Gissing_George_New-Grub-Street_1891;1891
59083174;The Nether World;10250;Gissing_George_The-Nether-World_1889;1889
59083174;The Odd Women;10251;Gissing_George_The-Odd-Women_1893;1893
59083174;The Unclassed;10252;Gissing_George_The-Unclassed_1884;1884
68929729;Things as They Are, or the Adventures of Caleb Williams;10253;Godwin_William_Caleb-Williams_1794;1794
68929729;"Fleetwood; or The New Man of Feeling";10254;Godwin_William_Fleetwood_1805;1805
68929729;The Travels of St. Leon;10255;Godwin_William_St-Leon_1799;1799
67919206;The Vicar of Wakefield: A Tale, Supposed to be written by Himself;10256;Goldsmith_Oliver_The-Vicar-of-Wakefield_1766;1766
74020526;Theresa Marchmont, or, The Maid of Honour. A Tale;10257;Gore_Catherine_Theresa-Marchmont_1824;1830
36919188;The Wind in the Willows;10258;Grahame_Kenneth_The-Wind-in-the-Willows_1908;1908
34682934;The Beth Book;10259;Grand_Sarah_The-Beth-Book_1897;1897
34682934;The Heavenly Twins;10260;Grand_Sarah_The-Heavenly-Twins_1893;1893
9841446;Allan Quartermain;10261;Haggard_H-Rider_Allan-Quartermain_1887;1887
9841446;King Solomon's Mines;10262;Haggard_H-Rider_King-Solomons-Mines_1885;1885
9841446;She: A History of Adventure;10263;Haggard_H-Rider_She_1886;1886
54148778;An Imaginative Woman;10264;Hardy_Thomas_An-Imaginative-Woman_1888;1888
54148778;A Pair of Blue Eyes;10265;Hardy_Thomas_A-Pair-of-Blue-Eyes_1873;1873
54148778;Desperate Remedies;10266;Hardy_Thomas_Desperate-Remedies_1871;1871
54148778;Far from the Madding Crowd;10267;Hardy_Thomas_Far-from-the-Madding-Crowd_1874;1874
54148778;Fellow Townsmen;10268;Hardy_Thomas_Fellow-Townsmen_1888;1888
54148778;Interlopers at the Knap;10269;Hardy_Thomas_Interlopers-at-the-Knap_1888;1888
54148778;Jude the Obscure;10270;Hardy_Thomas_Jude-the-Obscure_1894;1894
54148778;On the Western Circuit;10271;Hardy_Thomas_On-the-Western-Circuit_1894;1894
54148778;Tess of the d'Urbervilles: A Pure Woman Faithfully Presented;10272;Hardy_Thomas_Tess-of-the-dUrbervilles_1891;1891
54148778;The Distracted Preacher;10273;Hardy_Thomas_The-Distracted-Preacher_1888;1888
54148778;The Mayor of Casterbridge: The Life and Death of a Man of Character;10274;Hardy_Thomas_The-Mayor-of-Casterbridge_1886;1886
54148778;The Return of the Native;10275;Hardy_Thomas_The-Return-of-the-Native_1878;1878
54148778;The Three Strangers;10276;Hardy_Thomas_The-Three-Strangers_1888;1888
54148778;The Whithered Arm;10277;Hardy_Thomas_The-Whithered-Arm_1888;1888
54148778;The Woodlanders;10278;Hardy_Thomas_The-Woodlanders_1886;1886
54148778;Under the Greenwood Tree: A Rural Painting of the Dutch School;10279;Hardy_Thomas_Under-the-Greenwood_1872;1872
29629662;Memoirs of Emma Courtney;10280;Hays_Mary_Memoirs-of-Emma-Courtney_1796;1796
64027723;Anti-Pamela;10281;Haywood_Eliza_Anti-Pamela_1741;1741
64027723;"Fantomina; or, Love in a Maze";10282;Haywood_Eliza_Fantomina_1725;1725
64027723;The History of Miss Betsy Thoughtless;10283;Haywood_Eliza_Miss-Betsy-Thoughtless_1751;1751
64027723;The British Recluse: or, The Secret History of Cleomira, Suppos'd Dead. A Novel;10284;Haywood_Eliza_The-British-Recluse_1722;1722
87145187;Liber Amoris;10285;Hazlitt_William_Liber-Amoris_1823;1823
22151505;The Brownie of Bodsbeck;10286;Hogg_James_Brownie-of-Bodsbeck_1818;1818
22151505;The Private Memoirs and Confessions of a Justified Sinner: Written by Himself: With a detail of curious traditionary facts and other evidence by the editor;10287;Hogg_James_Private-Memoirs-and-Confessions-of-a-Justified-Sinner_1824;1824
22151505;The Sheperd's Calender;10288;Hogg_James_The-Sheperds-Calender_1829;1829
22151505;The Three Perils Of Man: War, Women and Witchcraft;10289;Hogg_James_The-Three-Perils-of-Man_1822;1822
56644486;Anna St. Ives;10290;Holcroft_Thomas_Anna-St-Ives_1792;1792
56644486;The Adventures of Hugh Trevor;10291;Holcroft_Thomas_The-Adventures-of-Hugh-Trevor_1794;1794
41888346;Tom Brown's Schoolday;10292;Hughes_Thomas_Tom-Browns-Schooldays_1857;1857
79062630;The Mystery of a Hansom Cab;10293;Hume_Fergus_The-Mystery-of-a-Hansom-Cab_1886;1886
59084053;A Simple Story;10294;Inchbald_Elizabeth_A-Simple-Story_1791;1791
59084053;Nature and Art;10295;Inchbald_Elizabeth_Nature-and-Art_1796;1796
14865481;The Sheep-Stealers;10296;Jacob_Violet_The-Sheep-Stealers_1902;1902
38938324;The Ambassadors;10297;James_Henry_The-Ambassadors_1903;1903
38938324;The Awkward Age;10298;James_Henry_The-Awkward-Age_1903;1899
38938324;The Bostonians;10299;James_Henry_The-Bostonians_1886;1886
38938324;The Golden Bowl;10300;James_Henry_The-Golden-Bowl_1904;1904
38938324;The Turn of the Screw;10301;James_Henry_The-Turn-of-the-Screw_1898;1898
38938324;The Wings of a Dove;10302;James_Henry_The-Wings-of-a-Dove_1902;1902
38938324;What Maisie Knew;10303;James_Henry_What-Maisie-Knew_1897;1897
7406725;The History of Rasselas, Prince of Abissinia;10304;Johnson_Samuel_Rasselas_1759;1759
44300643;After the Race;10305;Joyce_James_After-the-Race_1914;1914
44300643;A Little Cloud;10306;Joyce_James_A-Little-Cloud_1914;1914
44300643;A Mother;10307;Joyce_James_A-Mother_1914;1914
44300643;An Encounter;10308;Joyce_James_An-Encounter_1914;1914
44300643;A Painful Case;10309;Joyce_James_A-Painful-Case_1914;1914
44300643;Araby;10310;Joyce_James_Araby_1914;1914
44300643;Clay;10311;Joyce_James_Clay_1914;1914
44300643;Counterparts;10312;Joyce_James_Counterparts_1914;1914
44300643;Eveline;10313;Joyce_James_Eveline_1914;1914
44300643;Grace;10314;Joyce_James_Grace_1914;1914
44300643;Ivy Day in the Committee Room;10315;Joyce_James_Ivy-Day-in-the-Committee-Room_1914;1914
44300643;The Boarding House;10316;Joyce_James_The-Boarding-House_1914;1914
44300643;The Dead;10317;Joyce_James_The-Dead_1914;1914
44300643;The Sisters;10318;Joyce_James_The-Sisters_1914;1914
44300643;Two Gallants;10319;Joyce_James_Two-Gallants_1914;1914
70422567;Knockagow;10320;Kickham_Charles_Knockagow_1879;1879
27081838;Alton Locke;10321;Kingsley_Charles_Alton-Locke_1850;1850
27081838;The Water-Babies;10322;Kingsley_Charles_The-Water-Babies_1863;1863
27081838;Westward Ho!;10323;Kingsley_Charles_Westward-Ho_1855;1855
179440734;A Bank Fraud ;10324;Kipling_Rudyard_A-Bank-Fraud_1888;1888
179440734;A Germ Destroyer ;10325;Kipling_Rudyard_A-Germ-Destroyer_1888;1888
179440734;At The End of the Passage;10326;Kipling_Rudyard_At-the-End-of-the-Passage_1890;1890
179440734;Beyond the Pale ;10327;Kipling_Rudyard_Beyond-the-Pale_1888;1888
179440734;By Word of Mouth ;10328;Kipling_Rudyard_By-Word-of-Mouth_1888;1888
179440734;Captains Courageous;10329;Kipling_Rudyard_Captains-Courageous_1897;1897
179440734;Consequences ;10330;Kipling_Rudyard_Consequences_1888;1888
179440734;Cupids Arrows ;10331;Kipling_Rudyard_Cupids-Arrows_1888;1888
179440734;False Dawn ;10332;Kipling_Rudyard_False-Dawn_1888;1888
179440734;His Chance in Life ;10333;Kipling_Rudyard_His-Chance-in-Life_1888;1888
179440734;His Wedded Wife ;10334;Kipling_Rudyard_His-Wedded-Wife_1888;1888
179440734;How the Alphabet was Made;10335;Kipling_Rudyard_How-the-Alphabet-was-Made_1902;1902
179440734;How the Camel Got His Hump;10336;Kipling_Rudyard_How-the-Camel-Got-His-Hump_1902;1902
179440734;How the First Letter was Written;10337;Kipling_Rudyard_How-the-First-Letter-was-Written_1902;1902
179440734;How the Leopard Got His Spots;10338;Kipling_Rudyard_How-the-Leopard-Got-His-Spots_1902;1902
179440734;How the Rhinoceros Got His Skin;10339;Kipling_Rudyard_How-the-Rhinoceros-Got-His-Skin_1902;1902
179440734;How the Whale Got His Throat;10340;Kipling_Rudyard_How-the-Whale-Got-His-Throat_1902;1902
179440734;In Error ;10341;Kipling_Rudyard_In-Error_1888;1888
179440734;In the Pride of His Youth ;10342;Kipling_Rudyard_In-the-Pride-of-His-Youth_1888;1888
179440734;Kidnapped ;10343;Kipling_Rudyard_Kidnapped_1888;1888
179440734;Kim;10344;Kipling_Rudyard_Kim_1901;1901
179440734;Lispeth ;10345;Kipling_Rudyard_Lispeth_1888;1888
179440734;Miss Youghals Sais ;10346;Kipling_Rudyard_Miss-Youghals-Sais_1888;1888
179440734;On the Strength of a Likeness ;10347;Kipling_Rudyard_On-the-Strength-of-a-Likeness_1888;1888
179440734;Pig ;10348;Kipling_Rudyard_Pig_1888;1888
179440734;The Arrest of the Lieutenant Golightly ;10349;Kipling_Rudyard_The-Arrest-of-the-Lieutenant-Golightly_1888;1888
179440734;The Beginning of the Armadillos;10350;Kipling_Rudyard_The-Beginning-of-the-Armadillos_1902;1902
179440734;The Bisara of Pooree ;10351;Kipling_Rudyard_The-Bisara-of-Pooree_1888;1888
179440734;The Broken Link Handicapped ;10352;Kipling_Rudyard_The-Broken-Link-Handicapped_1888;1888
179440734;The Bronchhorst Divorce Case;10353;Kipling_Rudyard_The-Bronchhorst-Divorce-Case_1888;1888
179440734;The Butterfly that Stamped;10354;Kipling_Rudyard_The-Butterfly-that-Stamped_1902;1902
179440734;The Cat that Walked by Himself;10355;Kipling_Rudyard_The-Cat-that-Walked-by-Himself_1902;1902
179440734;The Conversion of Aurelian McGoggin;10356;Kipling_Rudyard_The-Conversion-of-Aurelian-McGoggin_1888;1888
179440734;The Crab that Played with the Sea;10357;Kipling_Rudyard_The-Crab-that-Played-with-the-Sea_1902;1902
179440734;The Elephant's Child;10358;Kipling_Rudyard_The-Elephants-Child_1902;1902
179440734;The Gate of a Hundred Sorrows ;10359;Kipling_Rudyard_The-Gate-of-a-Hundred-Sorrows_1888;1888
179440734;The House of Suddhoo ;10360;Kipling_Rudyard_The-House-of-Suddhoo_1888;1888
179440734;The Jungle Book;10361;Kipling_Rudyard_The-Jungle-Book_1894;1894
179440734;The Man Who Would Be King;10362;Kipling_Rudyard_The-Man-Who-Would-Be-King_1888;1888
179440734;The Mark of the Beast;10363;Kipling_Rudyard_The-Mark-of-the-Beast_1890;1890
179440734;The Other Man ;10364;Kipling_Rudyard_The-Other-Man_1888;1888
179440734;The Rescue of Pluffles ;10365;Kipling_Rudyard_The-Rescue-of-Pluffles_1888;1888
179440734;The Rout of the White Hussars ;10366;Kipling_Rudyard_The-Rout-of-the-White-Hussars_1888;1888
179440734;The Sing-Song of the Old Man Kangaroo;10367;Kipling_Rudyard_The-Sing-Song-of-the-Old-Man-Kangaroo_1902;1902
179440734;The Story of Muhammad Din ;10368;Kipling_Rudyard_The-Story-of-Muhammad-Din_1888;1888
179440734;Three and An Extra ;10369;Kipling_Rudyard_Three-and-An-Extra_1888;1888
179440734;Throw Away ;10370;Kipling_Rudyard_Throw-Away_1888;1888
179440734;To Be Held For Reference ;10371;Kipling_Rudyard_To-Be-Held-For-Reference_1888;1888
179440734;Tods Amendment ;10372;Kipling_Rudyard_Tods-Amendment_1888;1888
179440734;Venus Annodomini ;10373;Kipling_Rudyard_Venus-Annodomini_1888;1888
179440734;Watches of the Night ;10374;Kipling_Rudyard_Watches-of-the-Night_1888;1888
179440734;Wressley of the Foreign Office ;10375;Kipling_Rudyard_Wressley-of-the-Foreign-Office_1888;1888
179440734;Yoked with an Unbeliever ;10376;Kipling_Rudyard_Yoked-with-an-Unbeliever_1888;1888
76413276;Glenarvon;10377;Lamb_Caroline_Glenarvon_1816;1816
64007908;Hamlet, Prince of Denmark;10378;Lamb_Charles_Hamlet_1807;1807
64007908;Romeo and Juliet;10379;Lamb_Charles_Romeo-and-Juliet_1807;1807
24603799;As You Like It;10380;Lamb_Mary_As-You-Like-It_1807;1807
24603799;The Tempest;10381;Lamb_Mary_The-Tempest_1807;1807
24686958;Grania, The Story of an Island;10382;Lawless_Emily_Grania_1892;1892
95150359;A Fragment of Stained Glass;10383;Lawrence_D-H_A-Fragment-of-Stained-Glass_1914;1914
95150359;A Sick Collier;10384;Lawrence_D-H_A-Sick-Collier_1914;1914
95150359;Daughters of the Vicar;10385;Lawrence_D-H_Daughters-of-the-Vicar_1914;1914
95150359;Goose Fair;10386;Lawrence_D-H_Goose-Fair_1914;1914
95150359;Odour of Chrysanthemums;10387;Lawrence_D-H_Odour-of-Chrysanthemums_1911;1911
95150359;Second Best;10388;Lawrence_D-H_Second-Best_1914;1914
95150359;Sons and Lovers;10389;Lawrence_D-H_Sons-and-Lovers_1913;1913
95150359;The Christening;10390;Lawrence_D-H_The-Christening_1914;1914
95150359;The Prussian Officer;10391;Lawrence_D-H_The-Prussian-Officer_1914;1914
95150359;The Shades of Spring;10392;Lawrence_D-H_The-Shades-of-Spring_1914;1914
95150359;The Shadow in the Rose Garden;10393;Lawrence_D-H_The-Shadow-in-the-Rose-Garden_1914;1914
95150359;The Thorn in the Flesh;10394;Lawrence_D-H_The-Thorn-in-the-Flesh_1914;1914
95150359;The Tresspasser;10395;Lawrence_D-H_The-Trespasser_1912;1912
95150359;The White Peacock;10396;Lawrence_D-H_The-White-Peacock_1911;1911
95150359;The White Stocking;10397;Lawrence_D-H_The-White-Stocking_1914;1914
68945580;Hauntings;10398;Lee_Vernon_Hauntings_1890;1890
68945580;Prince Alberic and the Snake Lady;10399;Lee_Vernon_Prince-Alberic-and-the-Snake-Lady_1895;1895
9849196;Carmilla;10400;LeFanu_Joseph-Sheridan_Carmilla_1872;1872
9849196;Green Tee;10401;LeFanu_Joseph-Sheridan_Green-Tea_1872;1872
9849196;Mr Justice Harbottle;10402;LeFanu_Joseph-Sheridan_Mr-Justice-Harbottle_1872;1872
9849196;Schalken the Painter;10403;LeFanu_Joseph-Sheridan_Schalken-the-Painter_1851;1851
9849196;The Evil Guest;10404;LeFanu_Joseph-Sheridan_The-Evil-Guest_1851;1851
9849196;The Familiar;10405;LeFanu_Joseph-Sheridan_The-Familiar_1872;1872
9849196;The House by the Church-yard;10406;LeFanu_Joseph-Sheridan_The-House-by-the-Church-Yard_1863;1863
9849196;The Murdered Cousin;10407;LeFanu_Joseph-Sheridan_The-Murdered-Cousin_1851;1851
9849196;The Room in the Dragon Volant;10408;LeFanu_Joseph-Sheridan_The-Room-in-the-Dragon-Volant_1872;1872
9849196;The Watcher;10409;LeFanu_Joseph-Sheridan_The-Watcher_1851;1851
9849196;Uncle Silas;10410;LeFanu_Joseph-Sheridan_Uncle-Silas_1864;1864
100288562;The Life of Harriot Stuart;10411;Lennox_Charlotte_Harriot-Stuart_1751;1751
100288562;"The Female Quixote; or, the Adventures of Arabella";10412;Lennox_Charlotte_The-Female_Quixote_1752;1752
84400783;The Invasion of 1910;10413;Le-Queux_William_The-Invasion-of-1910_1906;1906
32083550;Confessions of Harry Lorrequer;10414;Lever_Charles_Confessions-of-Harry-Lorrequer_1837;1837
71394067;The Monk;10415;Lewis_Matthew-Gregory_The-Monk_1796;1796
64008667;Adela Cathcart;10416;MacDonald_George_Adela-Cathcart_1864;1864
64008667;Alec Forbes of Howglen;10417;MacDonald_George_Alec-Forbes-of-Howglen_1865;1865
64008667;David Elginbrod;10418;MacDonald_George_David-Elginbrod_1863;1863
64008667;Lilith;10419;MacDonald_George_Lilith_1895;1895
64008667;Phantastes: A Faerie Romance for Men and Women;10420;MacDonald_George_Phantastes_1858;1858
64008667;Robert Falconer;10421;MacDonald_George_Robert-Falconer_1868;1868
64008667;Sir Gibbie;10422;MacDonald_George_Sir-Gibbie_1879;1879
64008667;The Princess and the Goblin;10423;MacDonald_George_The-Princess-and-the-Goblin_1872;1872
7429143;Sinister Street;10424;Mackenzie_Compton_Sinister-Street_1913;1913
12354244;The Man of Feeling;10425;Mackenzie_Henry_The-Man-of-Feeling_1771;1771
103210949;A Doctor of the Old School ;10426;Maclaren_Ian_A-Doctor-of-the-Old-School_1894;1894
103210949;A Highland Mystic ;10427;Maclaren_Ian_A-Highland-Mystic_1894;1894
103210949;A Wise Woman ;10428;Maclaren_Ian_A-Wise-Woman_1894;1894
103210949;Domsie ;10429;Maclaren_Ian_Domsie_1894;1894
103210949;His Mothers Sermon ;10430;Maclaren_Ian_His-Mothers-Sermon_1894;1894
103210949;The Cunning Speech of Drumtochty ;10431;Maclaren_Ian_The-Cunning-Speech-of-Drumtochty_1894;1894
103210949;The Days of Auld Lang Syne;10432;Maclaren_Ian_The-Days-of-Auld-Lang-Syne_1895;1895
103210949;The Transformation of Lachlan Campbell ;10433;Maclaren_Ian_The-Transformation-of-Lachlan-Campbell_1894;1894
39380934;The King's Own;10434;Marryat_Frederick_The-Kings-Own_1830;1830
14785544;Deerbrook;10435;Martineau_Harriet_Deerbrook_1839;1839
100248595;Melmoth the Wanderer;10436;Maturin_Charles-Robert_Melmoth-the-Wanderer_1820;1820
10144;Trilby;10437;Maurier_George-du_Trilby_1894;1894
14773801;Diana of the Crossways;10438;Meredith_George_Diana-of-the-Crossways_1884;1884
14773801;The Egoist;10439;Meredith_George_The-Egoist_1879;1879
19709107;Our Village;10440;Mitford_Mary-Russell_Our-Village_1824;1824
22160365;A Drama in Muslin;10441;Moore_George_A-Drama-in-Muslin_1886;1886
22160365;A Mummer's Wife;10442;Moore_George_A-Mummers-Wife_1885;1885
22160365;Confessions of a Young Man;10443;Moore_George_Confessions-of-a-Young-Man_1888;1888
22160365;Esther Waters;10444;Moore_George_Esther-Waters_1894;1894
22160365;The Lake;10445;Moore_George_The-Lake_1905;1905
22160365;The Untilled Field;10446;Moore_George_The-Untilled-Field_1903;1903
51802053;Coelebs in Search of a Wife;10447;More_Hannah_Coelebs_1814;1814
54151785;The Adventures of Hajji Baba of Ispahan;10448;Morier_James_Hajji-Baba_1824;1824
22146194;News from Nowhere;10449;Morris_William_New-from-Nowhere_1890;1890
27069152;A Child of the Jago;10450;Morrison_Arthur_A-Child-of-the-Jago_1896;1896
27069152;Tales of Mean Streets;10451;Morrison_Arthur_Tales-of-Mean-Street_1894;1894
13729751;The Late Miss Hollingford;10452;Mulholland_Rosa_The-Late-Miss-Hollingford_1886;1886
47569885;The New Road;10453;Munro_Neil_The-New-Road_1914;1914
7394811;The Railway Children;10454;Nesbit_Edith_The-Railway-Children_1906;1906
7394811;The Story of the Amulet;10455;Nesbit_Edith_The-Story-of-the-Amulet_1906;1906
7394811;The Story of the Treasure Seekers;10456;Nesbit_Edith_The-Story-of-the-Treasure-Seekers_1899;1899
7394811;The Wouldbegoods;10457;Nesbit_Edith_The-Wouldbegoods_1901;1901
17227308;Loss and Gain: The Story of a Convert;10458;Newman_John-Henry_Loss-and-Gain_1848;1848
37712421;Early Bardic Ireland;10459;OGrady_Standish_Early-Bardic-Literature_1879;1879
37712421;The Coming of Cuculain;10460;OGrady_Standish_The-Coming-of-Cuculain_1894;1894
49256072;A Beleaguered City;10461;Oliphant_Margaret_A-Beleaguered-City_1900;1900
49256072;A Son of the Soil;10462;Oliphant_Margaret_A-Son-of-Soil_1865;1865
49256072;Doctor's Family;10463;Oliphant_Margaret_Doctors-Family_1863;1863
49256072;Hester;10464;Oliphant_Margaret_Hester_1883;1883
49256072;Miss Marjoribanks;10465;Oliphant_Margaret_Miss-Marjoribanks_1866;1866
49256072;Phoebe Junior;10466;Oliphant_Margaret_Phoebe-Junior_1876;1876
49256072;Salem Chapel;10467;Oliphant_Margaret_Salem-Chapel_1863;1863
49256072;The Perpetual Curate;10468;Oliphant_Margaret_The-Perpetual-Curate_1864;1864
49256072;The Rector;10469;Oliphant_Margaret_The-Rector_1863;1863
39410771;Adeline Mowbray, or, The Mother and Daughter;10470;Opie_Amelia_Adeline-Mowbray_1804;1804
39410771;Father and Daughter;10471;Opie_Amelia_Father-and-Daughter_1801;1801
57465184;The Castle of Wolfenbach;10472;Parsons_Eliza_The-Castle-of-Wolfenbach_1793;1793
17239611;Crotchet Castle;10473;Peacock_Thomas-Love_Crotchet-Castle_1831;1831
17239611;Headlong Hall;10474;Peacock_Thomas-Love_Headlong-Hall_1816;1816
17239611;Nightmare Abbey;10475;Peacock_Thomas-Love_Nightmare-Abbey_1818;1818
77779811;The Experiences of Loveday Brooke, Lady Detective;10476;Pirkis_Catherine-Louisa_The-Experiences-of-Loveday-Brooke_1893;1893
32079702;The Vampyre;10477;Polidori_John_The-Vampyre_1819;1819
51964829;Thaddeus of Warsaw;10478;Porter_Jane_Thaddeus-of-Warsaw_1803;1803
51964829;The Scottish Chiefs;10479;Porter_Jane_The-Scottish-Chiefs_1810;1810
59088051;The Tale of Peter Rabbit;10480;Potter_Beatrix_Peter-Rabbit_1901;1901
14768427;Confessions of an English Opium-Eater;10481;Quincey_Thomas_Confessions-of-an-English-Opium-Eater_1821;1821
64010774;A Sicilian Romance;10482;Radcliffe_Ann_A-Sicilian-Romance_1790;1790
64010774;The Italian, or the Confessional of the Black Penitents;10483;Radcliffe_Ann_The-Italian_1797;1797
64010774;The Romance of the Forest;10484;Radcliffe_Ann_The-Romance-of-the-Forest_1791;1791
64010774;The Mysteries of Udolpho;10485;Radcliffe_Ann_Udolpho_1794;1794
44314913;Hard Cash;10486;Reade_Charles_Hard-Cash_1863;1863
44314913;It Is Never Too Late to Mend;10487;Reade_Charles_It-Is-Never-Too-Late-to-Mend_1856;1856
44314913;The Cloister and the Hearth;10488;Reade_Charles_The-Cloister-and-the-Hearth_1861;1861
72764995;The Mysteries of London;10489;Reynolds_George_The-Mysteries-of-London_1844;1844
41845728;Clarissa, or, the History of a Young Lady;10490;Richardson_Samuel_Clarissa_1748;1748
41845728;Pamela, or Virtue Rewarded;10491;Richardson_Samuel_Pamela_1740;1740
41845728;Sir Charles Grandison;10492;Richardson_Samuel_Sir-Charles-Grandison_1753;1753
71382573;Nut Bush Farm;10493;Riddell_Charlotte_Nut-Bush-Farm_1882;1882
71382573;The Open Door;10494;Riddell_Charlotte_The-Open-Door_1882;1882
3400796;The Children of the Abbey;10495;Roche_Regina-Maria_The-Children-of-the-Abbey_1796;1796
1000007;Recollections of a Detective Police Officer;10496;Russell_William_Recollections-of-a-Detective-Police-Officer_1856;1856
59768968;Varney the Vampire;10497;Rymer_James-Malcolm_Varney-the-Vampire_1845;1845
72292549;A Description of Millenium Hall and the Country Adjacent;10498;Scott_Sarah_Millenium-Hall_1762;1762
95207079;Anne of Geierstein;10499;Scott_Walter_Anne-of-Geierstein_1829;1829
95207079;Chronicles of the Canongate;10500;Scott_Walter_Chronicles-of-the-Canongate_1827;1827
95207079;Guy Mannering;10501;Scott_Walter_Guy-Mannering_1815;1815
95207079;Ivanhoe;10502;Scott_Walter_Ivanhoe_1820;1820
95207079;Kenilworth;10503;Scott_Walter_Kenilworth_1821;1821
95207079;A Legend of Montrose;10504;Scott_Walter_Montrose_1819;1819
95207079;The Tale of Old Mortality;10505;Scott_Walter_Old-Mortality_1816;1816
95207079;Quentin Durward;10506;Scott_Walter_Quentin-Durward_1823;1823
95207079;Redgauntlet;10507;Scott_Walter_Redgauntlet_1824;1824
95207079;Rob Roy;10508;Scott_Walter_Rob-Roy_1817;1817
95207079;St. Ronan's Well;10509;Scott_Walter_St-Ronans-Well_1824;1824
95207079;The Abbot;10510;Scott_Walter_The-Abbot_1820;1820
95207079;The Antiquary;10511;Scott_Walter_The-Antiquary_1816;1816
95207079;The Betrothed;10512;Scott_Walter_The-Betrothed_1825;1825
95207079;The Black Dwarf;10513;Scott_Walter_The-Black-Dwarf_1816;1816
95207079;The Bride of Lammermoor;10514;Scott_Walter_The-Bride-of-Lammermoor_1819;1819
95207079;The Fair Maid of Perth;10515;Scott_Walter_The-Fair-Maid-of-Perth_1828;1828
95207079;The Fortunes of Nigel;10516;Scott_Walter_The-Fortunes-of-Nigel_1822;1822
95207079;The Heart of Midlothian;10517;Scott_Walter_The-Heart-of-Midlothian_1818;1818
95207079;The Monastery;10518;Scott_Walter_The-Monastery_1820;1820
95207079;The Peveril of the Peak;10519;Scott_Walter_The-Peveril-of-the-Peak_1822;1822
95207079;The Pirate;10520;Scott_Walter_The-Pirate_1822;1822
95207079;The Surgeon's Daughter;10521;Scott_Walter_The-Surgeons-Daughter_1827;1827
95207079;The Talisman;10522;Scott_Walter_The-Talisman_1825;1825
95207079;Waverly, or, 'Tis Sixty Years Since';10523;Scott_Walter_Waverley_1814;1814
95207079;Woodstock;10524;Scott_Walter_Woodstock_1826;1826
5052475;Black Beauty;10525;Sewell_Anna_Black-Beauty_1877;1877
54227149;My New Curate;10526;Sheehan_Patrick-Augustine_My-New-Curate_1900;1900
6293;"Frankenstein; or, The Modern Prometheus";10527;Shelley_Mary_Frankenstein_1818;1818
6293;Lodore;10528;Shelley_Mary_Lodore_1835;1835
6293;Mathilda;10529;Shelley_Mary_Mathilda_1820;1820
6293;The Fortunes of Perkin Warbeck: A Romance;10530;Shelley_Mary_Perkin-Warbeck_1830;1830
6293;The Last Man;10531;Shelley_Mary_The-Last-Man_1826;1826
6293;The Mortal Immortal;10532;Shelley_Mary_The-Mortal-Immortal_1834;1834
6293;Valperga, or, the Life and Adventures of Castruccio, Prince of Lucca;10533;Shelley_Mary_Valperga_1823;1823
34502726;Memoirs of Miss Sidney Bidulph;10534;Sheridan_Frances_Miss-Sidney-Bidulph_1761;1761
34502726;The History of Nourjahad;10535;Sheridan_Frances_The-History-of-Nourjahad_1767;1767
3811161;Rogues and Vagabonds;10536;Sims_George_Rogues-and-Vagabonds_1892;1892
39513727;Celestina;10537;Smith_Charlotte_Celestina_1791;1791
39513727;Emmeline, The Orphan of the castle;10538;Smith_Charlotte_Emmeline_1788;1788
39513727;The Old Manor House;10539;Smith_Charlotte_The-Old-Manor-House_1793;1793
68935985;The Adventures of Ferdinand Fathom;10540;Smollett_Tobias_Ferdinand-Count-Fathom_1753;1753
68935985;The Expedition of Humphry Clinker;10541;Smollett_Tobias_Humphry-Clinker_1771;1771
68935985;The Life and Adventures of Sir Launcelot Greaves;10542;Smollett_Tobias_Launcelot-Greaves_1760;1760
68935985;The Adventures of Peregrine Pickle;10543;Smollett_Tobias_Peregrine-Pickle_1751;1751
68935985;Roderick Random;10544;Smollett_Tobias_Roderick-Random_1748;1748
96053713|100219923 ;An Irish Cousin;10545;Somerville-Ross_Edith-Martin_An-Irish-Cousin_1889;1889
96053713|100219924;Some Experiences of an Irish RM;10546;Somerville-Ross_Edith-Martin_Experience-of-an-Irish-RM_1889;1899
96053713|100219925;The Real Charlotte;10547;Somerville-Ross_Edith-Martin_The-Real-Charlotte_1894;1894
79210673;The Charwoman's Daughter;10548;Stephens_James_The-Charwomans-Daughter_1912;1912
79210673;The Crock of Gold;10549;Stephens_James_The-Crock-of-Gold_1912;1912
61552699;A Sentimental Journey;10550;Sterne_Laurence_A-Sentimental-Journey_1768;1768
61552699;The Life and Opinions of Tristram Shandy;10551;Sterne_Laurence_Tristram-Shandy_1759;1759
95207986;The Strange Case of Dr Jekyll and Mr Hyde;10552;Stevenson_Robert-Louis_Dr-Jekyll-and-Mr-Hyde_1886;1886
95207986;Kidnapped;10553;Stevenson_Robert-Louis_Kidnapped_1886;1886
95207986;The Beach of Falesa;10554;Stevenson_Robert-Louis_The-Beach-of-Falesa_1892;1892
95207986;The Body Snatcher;10555;Stevenson_Robert-Louis_The-Body-Snatcher_1884;1884
95207986;The Master of Ballantrae: A Winter's Tale;10556;Stevenson_Robert-Louis_The-Master-of-Ballantrae_1889;1889
95207986;The Silverado Squatters;10557;Stevenson_Robert-Louis_The-Silverado-Squatters_1884;1884
95207986;The Weir of Hermiston;10558;Stevenson_Robert-Louis_The-Weir-of-Hermiston_1896;1896
95207986;Treasure Island;10559;Stevenson_Robert-Louis_Treasure-Island_1883;1883
95207986|17229834 ;The Dynamiter;10560;Stevenson-Grift_Robert-Louis-Fanny-van-de_The-Dynamiter_1885;1885
95207986|19682166 ;The Ebb-Tide;10561;Stevenson-Osbourne_Robert-Louis-Lloyde_The-Ebb-Tide_1894;1894
17229847;Dracula;10562;Stoker_Bram-Dracula_1897;1897
29892399;Jessica's First Prayer;10563;Stretton_Hesba_Jessicas-First-Prayer_1867;1867
62352645;Jorrock's Jaunts and Jollities;10564;Surtees_Robert_Jorrocks-Jaunts-and-Jollities_1831;1831
14777110;A Modest Proposal: For Preventing the Children of Poor People in Ireland from Being a Burthen to Their Parents or Country, and for Making Them Beneficial to the Publick;10565;Swift_Jonathan_A-Modest-Proposal_1729;1729
14777110;A Tale of Tub;10566;Swift_Jonathan_A-Tale-of-Tub_1704;1704
14777110;The Battle of the Books;10567;Swift_Jonathan_Battle-of-the-Books_1704;1704
14777110;Gulliver's Travels;10568;Swift_Jonathan_Gullivers-Travels_1726;1726
95208604;The History of Pendennis: His Fortunes and Misfortunes, His Friends and His Greatest Enemy;10569;Thackerey_William-Makepeace_Pendennis_1848;1848
95208604;Vanity Fair;10570;Thackerey_William-Makepeace_Vanity-Fair_1847;1847
107533016;"The Wild Irish Girl; a National Tale";10571;Owenson_Sydney_The-Wild-Irish-Girl_1806;1806
44140461;John Chilcote;10572;Thurston_Katherine_John-Chilcote_1904;1904
51943759;The Ragged-Trousered Philanthropists;10573;Tressell_Robert_The-Ragged-Trousered-Philanthropists_1914;1914
61683295;Barchester Towers;10574;Trollope_Anthony_Barchester-Towers_1857;1857
61683295;Can You Forgive Her?;10575;Trollope_Anthony_Can-You-Forgive-Her_1864;1864
61683295;Framley Parsonage;10576;Trollope_Anthony_Framley-Parsonage_1860;1860
61683295;The Eustace Diamonds;10577;Trollope_Anthony_The-Eustace-Diamonds_1871;1871
61683295;The Warden;10578;Trollope_Anthony_The-Warden_1855;1855
61683295;The Way We Live Now;10579;Trollope_Anthony_The-Way-We-Live-Now_1875;1875
17231985;The Castle of Otranto: A Gothic Story;10580;Walpole_Horace_Otranto_1764;1764
27084321;Robert Elsmere;10581;Ward_Mary-Augusta_Robert-Elsmere_1888;1888
97006424;A Modern Utopia;10582;Wells_H-G_A-Modern-Utopia_1905;1905
97006424;Ann Veronica;10583;Wells_H-G_Ann-Veronica_1909;1909
97006424;A Story of the Days to Come;10584;Wells_H-G_A-Story-of-the-Days-to-Come_1899;1899
97006424;The Story of the Stone Age;10585;Wells_H-G_A-Story-of-the-Stone-Age_1899;1899
97006424;Kipps;10586;Wells_H-G_Kipps_1906;1906
97006424;Love and Mr Lewisham;10587;Wells_H-G_Love-and-Mr-Lewisham_1910;1900
97006424;The Crystal Egg;10588;Wells_H-G_The-Crystal-Egg_1899;1899
97006424;The First Man in the Moon;10589;Wells_H-G_The-First-Men-in-the-Moon_1901;1901
97006424;The History of Mr Polly;10590;Wells_H-G_The-History-of-Mr-Polly_1910;1910
97006424;The Invisible Man;10591;Wells_H-G_The-Invisible-Man_1897;1897
97006424;The Island of Dr Moreau;10592;Wells_H-G_The-Island-of-Dr-Moreau_1896;1896
97006424;The Man Who Could Work Miracles;10593;Wells_H-G_The-Man-Who-Could-Work-Miracles_1899;1899
97006424;The New Machiavelli;10594;Wells_H-G_The-New-Machiavelli_1911;1911
97006424;The Star;10595;Wells_H-G_The-Star_1899;1899
97006424;The Time Machine;10596;Wells_H-G_The-Time-Machine_1895;1895
97006424;The War in the Air;10597;Wells_H-G_The-War-in-the-Air_1908;1908
97006424;The War of the Worlds;10598;Wells_H-G_The-War-of-the-Worlds_1897;1897
97006424;The World Set Free;10599;Wells_H-G_The-World-Set-Free_1914;1914
97006424;Tono-Bungay;10600;Wells_H-G_Tono-Bungay_1909;1909
34464414;The Picture of Dorian Gray;10601;Wilde_Oscar_The-Picture-of-Dorian-Gray_1890;1890
51697482;Mary: A Fiction;10602;Wollstonecraft_Mary_Mary_1788;1788
14898332;East Lynne;10603;Wood_Ellen_East-Lynne_1861;1861
71399881;The Daisy Chain. A Book of Golden Deeds;10604;Yonge_Charlotte_The-Daisy-Chain_1856;1856
71399881;Heir of Redclyffe;10605;Yonge_Charlotte_The-Heir-of-Redclyffe_1853;1853
